SQL> 
SQL> select TO_CHAR(creation_date, 'YYYY/MM/DD/HH') || ',' || SOA_1H_POOL_METRIC_ID || ',' || CAL_CUBE_ID || ',' || SOA_SERVICE_ID || ',' || PARTITION_KEY || ',' || SOA_METRIC_ID || ',' || SOA_USE_CASE_ID || ',' || POOL_ID || ',' || ROLE_TYPE || ',' || METRIC_COMPONENT_VALUE0 || ',' || METRIC_COMPONENT_VALUE1 from SOA_1H_POOL_METRIC_00 where (cal_cube_id >=1257058800 and cal_cube_id <1257231600);
select TO_CHAR(creation_date, 'YYYY/MM/DD/HH') || ',' || SOA_1H_POOL_METRIC_ID || ',' || CAL_CUBE_ID || ',' || SOA_SERVICE_ID || ',' || PARTITION_KEY || ',' || SOA_METRIC_ID || ',' || SOA_USE_CASE_ID || ',' || POOL_ID || ',' || ROLE_TYPE || ',' || METRIC_COMPONENT_VALUE0 || ',' || METRIC_COMPONENT_VALUE1 from SOA_1H_POOL_METRIC_00 where (cal_cube_id >=1257058800 and cal_cube_id <1257231600)
                                                                                                                                                                                                                                                                                                                       *
ERROR at line 1:
ORA-00942: table or view does not exist 


SQL> 
SQL> spool off
